[{"module_name": "click", "current_version": "7.1.2", "latest_version": "8.1.3"}, {"module_name": "cycler", "current_version": "0.10.0", "latest_version": "0.11.0"}, {"module_name": "Flask", "current_version": "1.1.2", "latest_version": "2.2.2"}, {"module_name": "gunicorn", "current_version": "20.0.4", "latest_version": "20.1.0"}, {"module_name": "itsdangerous", "current_version": "1.1.0", "latest_version": "2.1.2"}, {"module_name": "Jinja2", "current_version": "2.11.3", "latest_version": "3.1.2"}, {"module_name": "joblib", "current_version": "1.0.1", "latest_version": "1.2.0"}, {"module_name": "kiwisolver", "current_version": "1.3.1", "latest_version": "1.4.4"}, {"module_name": "MarkupSafe", "current_version": "1.1.1", "latest_version": "2.1.1"}, {"module_name": "matplotlib", "current_version": "3.3.4", "latest_version": "3.6.0"}, {"module_name": "numpy", "current_version": "1.20.1", "latest_version": "1.23.3"}, {"module_name": "pandas", "current_version": "1.2.2", "latest_version": "1.5.0"}, {"module_name": "Pillow", "current_version": "8.1.0", "latest_version": "9.2.0"}, {"module_name": "pyparsing", "current_version": "2.4.7", "latest_version": "3.0.9"}, {"module_name": "python-dateutil", "current_version": "2.8.1", "latest_version": "2.8.2"}, {"module_name": "pytz", "current_version": "2021.1", "latest_version": "2022.2.1"}, {"module_name": "scikit-learn", "current_version": "0.24.1", "latest_version": "1.1.2"}, {"module_name": "scipy", "current_version": "1.6.1", "latest_version": "1.9.1"}, {"module_name": "seaborn", "current_version": "0.11.1", "latest_version": "0.12.0"}, {"module_name": "six", "current_version": "1.15.0", "latest_version": "1.16.0"}, {"module_name": "sklearn", "current_version": "0.0", "latest_version": "0.0\n"}, {"module_name": "threadpoolctl", "current_version": "2.1.0", "latest_version": "3.1.0"}, {"module_name": "Werkzeug", "current_version": "1.0.1", "latest_version": "2.2.2"}]